{
  "timestamp": "2026-06-24T14:24:53.676Z",
  "machine": "win32 x64",
  "summaries": [
    {
      "label": "idle-baseline (1 terminal)",
      "samples": 10,
      "total": {
        "cpuAvg": 2.7210000000000005,
        "cpuMax": 4.57,
        "memAvg": 470.28999999999996,
        "memMax": 471.2
      },
      "main": {
        "cpuAvg": 0.07300000000000001,
        "cpuMax": 0.71,
        "memAvg": 166.10999999999996,
        "memMax": 166.3
      },
      "renderer": {
        "cpuAvg": 0.7590000000000001,
        "cpuMax": 2.89,
        "memAvg": 133.21999999999997,
        "memMax": 133.5
      },
      "gpu": {
        "cpuAvg": 1.8729999999999998,
        "cpuMax": 2.54,
        "memAvg": 123.15,
        "memMax": 123.7
      }
    },
    {
      "label": "idle-30-terminals",
      "samples": 10,
      "total": {
        "cpuAvg": 5.796,
        "cpuMax": 11.79,
        "memAvg": 569.19,
        "memMax": 571.3
      },
      "main": {
        "cpuAvg": 3.5390000000000006,
        "cpuMax": 9.22,
        "memAvg": 272.43,
        "memMax": 274.5
      },
      "renderer": {
        "cpuAvg": 0.501,
        "cpuMax": 0.61,
        "memAvg": 134.47999999999996,
        "memMax": 134.6
      },
      "gpu": {
        "cpuAvg": 1.759,
        "cpuMax": 1.97,
        "memAvg": 114.4,
        "memMax": 114.4
      }
    },
    {
      "label": "heavy-output-cmd-50k",
      "samples": 33,
      "total": {
        "cpuAvg": 2.2224242424242426,
        "cpuMax": 2.87,
        "memAvg": 552.4545454545454,
        "memMax": 571
      },
      "main": {
        "cpuAvg": 0.1215151515151515,
        "cpuMax": 0.67,
        "memAvg": 262.64848484848477,
        "memMax": 273.5
      },
      "renderer": {
        "cpuAvg": 0.48969696969696946,
        "cpuMax": 1.04,
        "memAvg": 127.530303030303,
        "memMax": 135.1
      },
      "gpu": {
        "cpuAvg": 1.6109090909090908,
        "cpuMax": 1.75,
        "memAvg": 114.46969696969697,
        "memMax": 114.5
      }
    },
    {
      "label": "multi-terminal-output-5x10k",
      "samples": 33,
      "total": {
        "cpuAvg": 2.1499999999999995,
        "cpuMax": 2.97,
        "memAvg": 555.1969696969696,
        "memMax": 557.5
      },
      "main": {
        "cpuAvg": 0.04636363636363639,
        "cpuMax": 0.31,
        "memAvg": 254.92727272727268,
        "memMax": 255
      },
      "renderer": {
        "cpuAvg": 0.47121212121212114,
        "cpuMax": 0.87,
        "memAvg": 129.21212121212113,
        "memMax": 129.3
      },
      "gpu": {
        "cpuAvg": 1.6327272727272724,
        "cpuMax": 1.79,
        "memAvg": 123.22424242424242,
        "memMax": 125.5
      }
    },
    {
      "label": "extreme-output-cmd-200k",
      "samples": 49,
      "total": {
        "cpuAvg": 2.11469387755102,
        "cpuMax": 2.36,
        "memAvg": 549.8081632653059,
        "memMax": 553.2
      },
      "main": {
        "cpuAvg": 0.049183673469387776,
        "cpuMax": 0.2,
        "memAvg": 254.17755102040795,
        "memMax": 255.1
      },
      "renderer": {
        "cpuAvg": 0.45877551020408147,
        "cpuMax": 0.58,
        "memAvg": 127.25102040816328,
        "memMax": 129.3
      },
      "gpu": {
        "cpuAvg": 1.605918367346939,
        "cpuMax": 1.79,
        "memAvg": 120.65918367346937,
        "memMax": 121.1
      }
    },
    {
      "label": "rapid-tab-switch-50x",
      "samples": 5,
      "total": {
        "cpuAvg": 11.873999999999999,
        "cpuMax": 15.35,
        "memAvg": 562.8,
        "memMax": 571.3
      },
      "main": {
        "cpuAvg": 1.89,
        "cpuMax": 2.46,
        "memAvg": 254.64000000000001,
        "memMax": 255.3
      },
      "renderer": {
        "cpuAvg": 5.482,
        "cpuMax": 7,
        "memAvg": 130.66,
        "memMax": 135.3
      },
      "gpu": {
        "cpuAvg": 4.502000000000001,
        "cpuMax": 5.88,
        "memAvg": 129.78,
        "memMax": 133
      }
    },
    {
      "label": "post-load-idle",
      "samples": 10,
      "total": {
        "cpuAvg": 2.4349999999999996,
        "cpuMax": 5.42,
        "memAvg": 565.9,
        "memMax": 571.5
      },
      "main": {
        "cpuAvg": 0.08700000000000004,
        "cpuMax": 0.5,
        "memAvg": 255.22999999999996,
        "memMax": 255.4
      },
      "renderer": {
        "cpuAvg": 0.6530000000000001,
        "cpuMax": 2.45,
        "memAvg": 132.61,
        "memMax": 135.1
      },
      "gpu": {
        "cpuAvg": 1.693,
        "cpuMax": 2.47,
        "memAvg": 130.29999999999998,
        "memMax": 133.3
      }
    },
    {
      "label": "sustained-output-5x50k-30s",
      "samples": 30,
      "total": {
        "cpuAvg": 2.121,
        "cpuMax": 2.96,
        "memAvg": 562.8600000000002,
        "memMax": 566.8
      },
      "main": {
        "cpuAvg": 0.03666666666666669,
        "cpuMax": 0.47,
        "memAvg": 255.42999999999986,
        "memMax": 255.6
      },
      "renderer": {
        "cpuAvg": 0.467,
        "cpuMax": 0.78,
        "memAvg": 132.3866666666667,
        "memMax": 132.9
      },
      "gpu": {
        "cpuAvg": 1.6176666666666673,
        "cpuMax": 1.73,
        "memAvg": 127.34999999999994,
        "memMax": 130.8
      }
    },
    {
      "label": "idle-50-terminals",
      "samples": 6,
      "total": {
        "cpuAvg": 9.780000000000001,
        "cpuMax": 11,
        "memAvg": 595.7833333333333,
        "memMax": 605.9
      },
      "main": {
        "cpuAvg": 7.32,
        "cpuMax": 8.47,
        "memAvg": 288.8333333333333,
        "memMax": 299
      },
      "renderer": {
        "cpuAvg": 0.54,
        "cpuMax": 0.55,
        "memAvg": 132.36666666666667,
        "memMax": 132.5
      },
      "gpu": {
        "cpuAvg": 1.9166666666666667,
        "cpuMax": 1.98,
        "memAvg": 126.81666666666666,
        "memMax": 126.9
      }
    },
    {
      "label": "contribution-grid-10-ai",
      "samples": 10,
      "total": {
        "cpuAvg": 2.6369999999999996,
        "cpuMax": 6.99,
        "memAvg": 605.99,
        "memMax": 606.8
      },
      "main": {
        "cpuAvg": 0.5419999999999997,
        "cpuMax": 4.72,
        "memAvg": 299.1,
        "memMax": 299.8
      },
      "renderer": {
        "cpuAvg": 0.465,
        "cpuMax": 0.51,
        "memAvg": 132.41000000000003,
        "memMax": 132.5
      },
      "gpu": {
        "cpuAvg": 1.6300000000000001,
        "cpuMax": 1.76,
        "memAvg": 126.80999999999999,
        "memMax": 126.9
      }
    },
    {
      "label": "pty-crash-recovery-5x",
      "samples": 5,
      "total": {
        "cpuAvg": 2.194,
        "cpuMax": 2.23,
        "memAvg": 605.78,
        "memMax": 605.9
      },
      "main": {
        "cpuAvg": 0.096,
        "cpuMax": 0.1,
        "memAvg": 298.84000000000003,
        "memMax": 298.9
      },
      "renderer": {
        "cpuAvg": 0.4779999999999999,
        "cpuMax": 0.49,
        "memAvg": 132.45999999999998,
        "memMax": 132.5
      },
      "gpu": {
        "cpuAvg": 1.6179999999999999,
        "cpuMax": 1.63,
        "memAvg": 126.8,
        "memMax": 126.8
      }
    },
    {
      "label": "long-idle-leak-2min",
      "samples": 24,
      "total": {
        "cpuAvg": 2.7379166666666666,
        "cpuMax": 10.97,
        "memAvg": 608.2875,
        "memMax": 627.6
      },
      "main": {
        "cpuAvg": 0.5724999999999999,
        "cpuMax": 8.29,
        "memAvg": 300.9874999999999,
        "memMax": 319.9
      },
      "renderer": {
        "cpuAvg": 0.5341666666666668,
        "cpuMax": 2.08,
        "memAvg": 132.7541666666667,
        "memMax": 133
      },
      "gpu": {
        "cpuAvg": 1.6325,
        "cpuMax": 2.1,
        "memAvg": 126.87083333333335,
        "memMax": 127
      }
    },
    {
      "label": "startup-recovery-50-sessions",
      "samples": 1,
      "total": {
        "cpuAvg": 0,
        "cpuMax": 0,
        "memAvg": 467.4,
        "memMax": 467.4
      },