{
  "timestamp": "2026-06-24T13:39:56.364Z",
  "machine": "win32 x64",
  "summaries": [
    {
      "label": "idle-baseline (1 terminal)",
      "samples": 10,
      "total": {
        "cpuAvg": 1.9729999999999996,
        "cpuMax": 2.46,
        "memAvg": 382.21000000000004,
        "memMax": 382.5
      },
      "main": {
        "cpuAvg": 0.11300000000000002,
        "cpuMax": 0.33,
        "memAvg": 106.41999999999999,
        "memMax": 106.5
      },
      "renderer": {
        "cpuAvg": 0.40499999999999997,
        "cpuMax": 0.49,
        "memAvg": 115.12,
        "memMax": 115.2
      },
      "gpu": {
        "cpuAvg": 1.4529999999999998,
        "cpuMax": 1.68,
        "memAvg": 112.72999999999998,
        "memMax": 113.1
      }
    },
    {
      "label": "idle-30-terminals",
      "samples": 10,
      "total": {
        "cpuAvg": 3.3560000000000003,
        "cpuMax": 9.17,
        "memAvg": 478.56000000000006,
        "memMax": 481.4
      },
      "main": {
        "cpuAvg": 1.211,
        "cpuMax": 6.74,
        "memAvg": 210.75000000000006,
        "memMax": 212
      },
      "renderer": {
        "cpuAvg": 0.5050000000000001,
        "cpuMax": 0.75,
        "memAvg": 114.41000000000001,
        "memMax": 116.1
      },
      "gpu": {
        "cpuAvg": 1.64,
        "cpuMax": 1.88,
        "memAvg": 105.5,
        "memMax": 105.5
      }
    },
    {
      "label": "heavy-output-cmd-50k",
      "samples": 33,
      "total": {
        "cpuAvg": 2.1075757575757574,
        "cpuMax": 2.34,
        "memAvg": 469.35454545454553,
        "memMax": 469.7
      },
      "main": {
        "cpuAvg": 0.06424242424242428,
        "cpuMax": 0.21,
        "memAvg": 207.73636363636365,
        "memMax": 207.8
      },
      "renderer": {
        "cpuAvg": 0.4448484848484849,
        "cpuMax": 0.54,
        "memAvg": 108.21515151515155,
        "memMax": 108.5
      },
      "gpu": {
        "cpuAvg": 1.5978787878787877,
        "cpuMax": 1.72,
        "memAvg": 105.5,
        "memMax": 105.5
      }
    },
    {
      "label": "multi-terminal-output-5x10k",
      "samples": 33,
      "total": {
        "cpuAvg": 2.205454545454546,
        "cpuMax": 3.56,
        "memAvg": 515.0878787878789,
        "memMax": 517.4
      },
      "main": {
        "cpuAvg": 0.0790909090909091,
        "cpuMax": 0.62,
        "memAvg": 237.53636363636355,
        "memMax": 237.7
      },
      "renderer": {
        "cpuAvg": 0.47212121212121194,
        "cpuMax": 0.99,
        "memAvg": 116.37575757575755,
        "memMax": 116.7
      },
      "gpu": {
        "cpuAvg": 1.6527272727272728,
        "cpuMax": 1.95,
        "memAvg": 113.3454545454545,
        "memMax": 115.1
      }
    },
    {
      "label": "extreme-output-cmd-200k",
      "samples": 49,
      "total": {
        "cpuAvg": 2.1391836734693874,
        "cpuMax": 2.43,
        "memAvg": 509.45918367346945,
        "memMax": 510.1
      },
      "main": {
        "cpuAvg": 0.08346938775510204,
        "cpuMax": 0.26,
        "memAvg": 236.7244897959184,
        "memMax": 237.1
      },
      "renderer": {
        "cpuAvg": 0.44959183673469366,
        "cpuMax": 0.58,
        "memAvg": 113.76734693877545,
        "memMax": 114.2
      },
      "gpu": {
        "cpuAvg": 1.606530612244898,
        "cpuMax": 1.68,
        "memAvg": 111.19999999999992,
        "memMax": 111.2
      }
    },
    {
      "label": "rapid-tab-switch-50x",
      "samples": 5,
      "total": {
        "cpuAvg": 11.886,
        "cpuMax": 16.74,
        "memAvg": 540.98,
        "memMax": 553.1
      },
      "main": {
        "cpuAvg": 2.7019999999999995,
        "cpuMax": 5.18,
        "memAvg": 255.92,
        "memMax": 262
      },
      "renderer": {
        "cpuAvg": 4.9959999999999996,
        "cpuMax": 8.02,
        "memAvg": 118.86000000000001,
        "memMax": 121.7
      },
      "gpu": {
        "cpuAvg": 4.186,
        "cpuMax": 6.1,
        "memAvg": 118.4,
        "memMax": 121.6
      }
    },
    {
      "label": "post-load-idle",
      "samples": 10,
      "total": {
        "cpuAvg": 2.6819999999999995,
        "cpuMax": 6.87,
        "memAvg": 547.0899999999999,
        "memMax": 553
      },
      "main": {
        "cpuAvg": 0.199,
        "cpuMax": 0.83,
        "memAvg": 259.06000000000006,
        "memMax": 261.1
      },
      "renderer": {
        "cpuAvg": 0.689,
        "cpuMax": 2.81,
        "memAvg": 120.73999999999998,
        "memMax": 122.5
      },
      "gpu": {
        "cpuAvg": 1.795,
        "cpuMax": 3.23,
        "memAvg": 119.50999999999999,
        "memMax": 121.7
      }
    },
    {
      "label": "sustained-output-5x50k-30s",
      "samples": 30,
      "total": {
        "cpuAvg": 2.163,
        "cpuMax": 2.83,
        "memAvg": 546.7133333333334,
        "memMax": 555.5
      },
      "main": {
        "cpuAvg": 0.09133333333333332,
        "cpuMax": 0.81,
        "memAvg": 254.65333333333325,
        "memMax": 259.1
      },
      "renderer": {
        "cpuAvg": 0.45733333333333326,
        "cpuMax": 0.79,
        "memAvg": 124.2766666666666,
        "memMax": 125.7
      },
      "gpu": {
        "cpuAvg": 1.615,
        "cpuMax": 1.72,
        "memAvg": 119.92666666666665,
        "memMax": 122.9
      }
    },
    {
      "label": "idle-50-terminals",
      "samples": 10,
      "total": {
        "cpuAvg": 2.446,
        "cpuMax": 4.7,
        "memAvg": 589.7299999999999,
        "memMax": 590.5
      },
      "main": {
        "cpuAvg": 0.374,
        "cpuMax": 2.49,
        "memAvg": 298.54999999999995,
        "memMax": 299.3
      },
      "renderer": {
        "cpuAvg": 0.449,
        "cpuMax": 0.49,
        "memAvg": 124.1,
        "memMax": 124.1
      },
      "gpu": {
        "cpuAvg": 1.6260000000000001,
        "cpuMax": 1.72,
        "memAvg": 119.29999999999998,
        "memMax": 119.3
      }
    },
    {
      "label": "contribution-grid-10-ai",
      "samples": 10,
      "total": {
        "cpuAvg": 2.15,
        "cpuMax": 2.26,
        "memAvg": 589.6600000000001,
        "memMax": 590
      },
      "main": {
        "cpuAvg": 0.08499999999999999,
        "cpuMax": 0.1,
        "memAvg": 298.19999999999993,
        "memMax": 298.2
      },
      "renderer": {
        "cpuAvg": 0.4530000000000001,
        "cpuMax": 0.54,
        "memAvg": 124.35999999999999,
        "memMax": 124.7
      },
      "gpu": {
        "cpuAvg": 1.611,
        "cpuMax": 1.64,
        "memAvg": 119.29999999999998,
        "memMax": 119.3
      }
    },
    {
      "label": "pty-crash-recovery-5x",
      "samples": 5,
      "total": {
        "cpuAvg": 2.206,
        "cpuMax": 2.25,
        "memAvg": 589.64,
        "memMax": 589.8
      },
      "main": {
        "cpuAvg": 0.126,
        "cpuMax": 0.13,
        "memAvg": 298.2,
        "memMax": 298.2
      },
      "renderer": {
        "cpuAvg": 0.472,
        "cpuMax": 0.48,
        "memAvg": 124.33999999999999,
        "memMax": 124.5
      },
      "gpu": {
        "cpuAvg": 1.6079999999999999,
        "cpuMax": 1.64,
        "memAvg": 119.3,
        "memMax": 119.3
      }
    },
    {
      "label": "long-idle-leak-2min",
      "samples": 24,
      "total": {
        "cpuAvg": 2.2033333333333327,
        "cpuMax": 3.79,
        "memAvg": 588.6999999999998,
        "memMax": 589.6
      },
      "main": {
        "cpuAvg": 0.1937499999999999,
        "cpuMax": 2.74,
        "memAvg": 297.30833333333334,
        "memMax": 298.2
      },
      "renderer": {
        "cpuAvg": 0.46625,
        "cpuMax": 1.06,
        "memAvg": 124.31250000000001,
        "memMax": 124.5
      },
      "gpu": {
        "cpuAvg": 1.5420833333333333,
        "cpuMax": 1.62,
        "memAvg": 119.30000000000003,
        "memMax": 119.3
      }
    },
    {
      "label": "startup-recovery-50-sessions",
      "samples": 1,
      "total": {
        "cpuAvg": 0,
        "cpuMax": 0,
        "memAvg": 376.8,
        "memMax": 376.8
      },