{
  "timestamp": "2026-06-24T14:38:40.219Z",
  "machine": "win32 x64",
  "summaries": [
    {
      "label": "idle-baseline (1 terminal)",
      "samples": 10,
      "total": {
        "cpuAvg": 2.13,
        "cpuMax": 3.8,
        "memAvg": 383.09000000000003,
        "memMax": 383.6
      },
      "main": {
        "cpuAvg": 0.034,
        "cpuMax": 0.13,
        "memAvg": 106.31999999999998,
        "memMax": 106.4
      },
      "renderer": {
        "cpuAvg": 0.591,
        "cpuMax": 2.37,
        "memAvg": 115.84,
        "memMax": 115.9
      },
      "gpu": {
        "cpuAvg": 1.531,
        "cpuMax": 2.11,
        "memAvg": 112.97,
        "memMax": 113.5
      }
    },
    {
      "label": "idle-30-terminals",
      "samples": 10,
      "total": {
        "cpuAvg": 6.242,
        "cpuMax": 10.46,
        "memAvg": 483.05,
        "memMax": 485.6
      },
      "main": {
        "cpuAvg": 4.0120000000000005,
        "cpuMax": 8.02,
        "memAvg": 212.97000000000003,
        "memMax": 215.5
      },
      "renderer": {
        "cpuAvg": 0.49099999999999994,
        "cpuMax": 0.57,
        "memAvg": 116.55,
        "memMax": 116.7
      },
      "gpu": {
        "cpuAvg": 1.7379999999999995,
        "cpuMax": 1.93,
        "memAvg": 105.6,
        "memMax": 105.6
      }
    },
    {
      "label": "heavy-output-cmd-50k",
      "samples": 33,
      "total": {
        "cpuAvg": 2.103939393939393,
        "cpuMax": 2.79,
        "memAvg": 477.10606060606074,
        "memMax": 485.6
      },
      "main": {
        "cpuAvg": 0.06818181818181816,
        "cpuMax": 0.3,
        "memAvg": 212.34848484848476,
        "memMax": 214.6
      },
      "renderer": {
        "cpuAvg": 0.46333333333333326,
        "cpuMax": 0.85,
        "memAvg": 111.30303030303027,
        "memMax": 117.5
      },
      "gpu": {
        "cpuAvg": 1.5718181818181822,
        "cpuMax": 1.64,
        "memAvg": 105.5242424242424,
        "memMax": 105.6
      }
    },
    {
      "label": "multi-terminal-output-5x10k",
      "samples": 33,
      "total": {
        "cpuAvg": 2.156060606060606,
        "cpuMax": 3.56,
        "memAvg": 521.4575757575755,
        "memMax": 523.7
      },
      "main": {
        "cpuAvg": 0.06121212121212124,
        "cpuMax": 0.62,
        "memAvg": 242.9909090909091,
        "memMax": 243
      },
      "renderer": {
        "cpuAvg": 0.4648484848484848,
        "cpuMax": 1,
        "memAvg": 117.31818181818188,
        "memMax": 117.4
      },
      "gpu": {
        "cpuAvg": 1.6287878787878787,
        "cpuMax": 1.94,
        "memAvg": 113.19393939393937,
        "memMax": 115.5
      }
    },
    {
      "label": "extreme-output-cmd-200k",
      "samples": 49,
      "total": {
        "cpuAvg": 2.1036734693877546,
        "cpuMax": 2.41,
        "memAvg": 516.9897959183671,
        "memMax": 520
      },
      "main": {
        "cpuAvg": 0.06693877551020412,
        "cpuMax": 0.25,
        "memAvg": 242.38163265306116,
        "memMax": 243.2
      },
      "renderer": {
        "cpuAvg": 0.44367346938775515,
        "cpuMax": 0.57,
        "memAvg": 115.58775510204082,
        "memMax": 117.3
      },
      "gpu": {
        "cpuAvg": 1.5940816326530611,
        "cpuMax": 1.69,
        "memAvg": 111.15306122448979,
        "memMax": 111.5
      }
    },
    {
      "label": "rapid-tab-switch-50x",
      "samples": 5,
      "total": {
        "cpuAvg": 11.998,
        "cpuMax": 16.9,
        "memAvg": 546.6200000000001,
        "memMax": 558.2
      },
      "main": {
        "cpuAvg": 2.746,
        "cpuMax": 5.35,
        "memAvg": 261,
        "memMax": 267.2
      },
      "renderer": {
        "cpuAvg": 5.180000000000001,
        "cpuMax": 8.38,
        "memAvg": 119.46,
        "memMax": 122.5
      },
      "gpu": {
        "cpuAvg": 4.074,
        "cpuMax": 5.89,
        "memAvg": 118.38000000000002,
        "memMax": 121
      }
    },
    {
      "label": "post-load-idle",
      "samples": 10,
      "total": {
        "cpuAvg": 2.6109999999999998,
        "cpuMax": 6.98,
        "memAvg": 552.4499999999999,
        "memMax": 557.9
      },
      "main": {
        "cpuAvg": 0.13200000000000003,
        "cpuMax": 0.79,
        "memAvg": 264.53,
        "memMax": 266.3
      },
      "renderer": {
        "cpuAvg": 0.6910000000000001,
        "cpuMax": 2.86,
        "memAvg": 121.32000000000001,
        "memMax": 123
      },
      "gpu": {
        "cpuAvg": 1.7879999999999998,
        "cpuMax": 3.33,
        "memAvg": 118.78999999999999,
        "memMax": 120.7
      }
    },
    {
      "label": "sustained-output-5x50k-30s",
      "samples": 30,
      "total": {
        "cpuAvg": 2.0973333333333337,
        "cpuMax": 2.98,
        "memAvg": 548.1900000000002,
        "memMax": 557.7
      },
      "main": {
        "cpuAvg": 0.05400000000000002,
        "cpuMax": 0.48,
        "memAvg": 259.95666666666676,
        "memMax": 264.7
      },
      "renderer": {
        "cpuAvg": 0.4529999999999999,
        "cpuMax": 0.79,
        "memAvg": 124.53666666666669,
        "memMax": 126.5
      },
      "gpu": {
        "cpuAvg": 1.5916666666666677,
        "cpuMax": 1.71,
        "memAvg": 115.82666666666674,
        "memMax": 119.2
      }
    },
    {
      "label": "idle-50-terminals",
      "samples": 4,
      "total": {
        "cpuAvg": 9.502500000000001,
        "cpuMax": 9.74,
        "memAvg": 574.4,
        "memMax": 587.3
      },
      "main": {
        "cpuAvg": 7.045,
        "cpuMax": 7.3,
        "memAvg": 287.225,
        "memMax": 300.2
      },
      "renderer": {
        "cpuAvg": 0.5425,
        "cpuMax": 0.58,
        "memAvg": 124.27499999999999,
        "memMax": 124.5
      },
      "gpu": {
        "cpuAvg": 1.9125,
        "cpuMax": 1.92,
        "memAvg": 115.1,
        "memMax": 115.1
      }
    },
    {
      "label": "contribution-grid-10-ai",
      "samples": 10,
      "total": {
        "cpuAvg": 2.396,
        "cpuMax": 4.95,
        "memAvg": 586.9200000000002,
        "memMax": 587.7
      },
      "main": {
        "cpuAvg": 0.3559999999999999,
        "cpuMax": 2.82,
        "memAvg": 299.8,
        "memMax": 300.5
      },
      "renderer": {
        "cpuAvg": 0.43899999999999995,
        "cpuMax": 0.48,
        "memAvg": 124.29999999999998,
        "memMax": 124.3
      },
      "gpu": {
        "cpuAvg": 1.597,
        "cpuMax": 1.67,
        "memAvg": 115.08,
        "memMax": 115.1
      }
    },
    {
      "label": "pty-crash-recovery-5x",
      "samples": 5,
      "total": {
        "cpuAvg": 2.164,
        "cpuMax": 2.21,
        "memAvg": 586.8399999999999,
        "memMax": 587.1
      },
      "main": {
        "cpuAvg": 0.098,
        "cpuMax": 0.11,
        "memAvg": 299.5,
        "memMax": 299.5
      },
      "renderer": {
        "cpuAvg": 0.47000000000000003,
        "cpuMax": 0.49,
        "memAvg": 124.5,
        "memMax": 124.7
      },
      "gpu": {
        "cpuAvg": 1.596,
        "cpuMax": 1.61,
        "memAvg": 115.04,
        "memMax": 115.1
      }
    },
    {
      "label": "long-idle-leak-2min",
      "samples": 24,
      "total": {
        "cpuAvg": 2.30375,
        "cpuMax": 7.29,
        "memAvg": 586.1958333333331,
        "memMax": 587
      },
      "main": {
        "cpuAvg": 0.1570833333333333,
        "cpuMax": 2.44,
        "memAvg": 299.00416666666683,
        "memMax": 299.5
      },
      "renderer": {
        "cpuAvg": 0.50625,
        "cpuMax": 2.11,
        "memAvg": 124.38333333333334,
        "memMax": 124.6
      },
      "gpu": {
        "cpuAvg": 1.640416666666667,
        "cpuMax": 2.73,
        "memAvg": 115.0458333333333,
        "memMax": 115.1
      }
    },
    {
      "label": "startup-recovery-50-sessions",
      "samples": 1,
      "total": {
        "cpuAvg": 0,
        "cpuMax": 0,
        "memAvg": 378,
        "memMax": 378
      },
      "main": {
        "cpuAvg": 0,
        "cpuMax": 0,
        "memAvg": 102.4,